{"cameraMode":{"drawMode":0,"name":"Shaded","section":"Shading Mode"},"sceneLighting":true,"audioPlay":false,"sceneViewState":{"m_AlwaysRefresh":false,"showFog":true,"showSkybox":true,"showFlares":true,"showImageEffects":true,"showParticleSystems":true,"showVisualEffectGraphs":true,"m_FxEnabled":true},"in2DMode":false,"pivot":{"x":10.235450744628907,"y":10.291927337646485,"z":10.315071105957032},"rotation":{"x":0.25603434443473818,"y":-0.5207227468490601,"z":0.16726738214492799,"w":0.7970680594444275},"size":3.6698567867279054,"orthographic":false}